{"run": {"data": "/home/xihaocheng20/data/cifar10", "dataset": "cifar10", "data_backend": "pytorch", "arch": "preact_resnet56", "model_config": "quantize", "workers": 5, "epochs": 200, "start_epoch": 0, "batch_size": 128, "optimizer_batch_size": -1, "lr": 0.1, "lr_schedule": "cosine", "warmup": 20, "label_smoothing": 0.1, "mixup": 0.0, "momentum": 0.9, "weight_decay": 0.0002, "bn_weight_decay": false, "nesterov": false, "print_freq": 200, "resume": "pass", "pretrained_weights": "", "fp16": false, "static_loss_scale": 1, "dynamic_loss_scale": false, "prof": -1, "amp": false, "local_rank": 0, "seed": null, "gather_checkpoints": true, "raport_file": "raport.json", "final_weights": "model.pth.tar", "evaluate": false, "training_only": false, "save_checkpoints": true, "workspace": "./results/cifar/forward8/models", "qa": true, "qw": true, "qg": true, "biased": false, "abits": 8, "wbits": 8, "biasbits": 16, "bbits": 4, "bwbits": 4, "biprecision": true, "twolayers_gradweight": true, "twolayers_gradinputt": true, "lsqforward": false, "clip_grad": 0.01, "distributed": false, "gpu": 0, "world_size": 1}, "epoch": {"ep": [0, 1, 2, 3, 4, 5, 6, 7, 8, 9, 10], "train.top1": [0.0, 0.0, 0.0, 0.0, 0.0, 0.0, 0.0, 0.0, 0.0, 0.0], "train.top5": [0.0, 0.0, 0.0, 0.0, 0.0, 0.0, 0.0, 0.0, 0.0, 0.0], "train.loss": [2.1626665115356447, 1.9243846300320748, 1.827372214733026, 1.7194425258881008, 1.6100347797075907, 1.4922784576049217, 1.402421847367898, 1.320527136631501, 1.2483636198899686, 1.1972232983662532], "train.compute_ips": [267.3458189305635, 265.98666417871124, 265.7283062360288, 265.7578228068233, 267.49360916174066, 268.1940160905853, 268.90639592217843, 269.61896154439836, 269.5821570097515, 269.9444057515402], "train.total_ips": [266.84617419533646, 264.0219620268746, 264.6013462543091, 265.216444611097, 273.85007424854183, 271.0657348745549, 272.5421923122426, 273.99135118082074, 268.64279851558786, 272.6137150406249], "train.data_time": [0.0015314951921120668, 0.0014870267647963304, 0.001459676791460086, 0.0014585890831091465, 0.0014358886082967122, 0.0014310562712514503, 0.001452966924115415, 0.001445828492824848, 0.0014614853084596814, 0.0014542663403046437], "train.compute_time": [0.48091554641723633, 0.48326571996395407, 0.48370846153324487, 0.48360753930532013, 0.48037376587207503, 0.47910826165451964, 0.4777761852348244, 0.4764565671865757, 0.47653570827255903, 0.4758400278825026], "val.top1": [26.839398734177216, 33.43552215189873, 40.427215189873415, 46.6376582278481, 53.80735759493671, 56.98180379746835, 59.94857594936709, 63.93393987341772, 65.97112341772151, 67.83030063291139], "val.top5": [82.59493670886076, 85.84849683544304, 89.90308544303798, 92.20727848101266, 94.95648734177215, 95.4806170886076, 95.75751582278481, 95.36194620253164, 96.35087025316456, 97.13212025316456], "val.loss": [1.9892976781989955, 1.8786962605729889, 1.7562478931644294, 1.6285889465597612, 1.496663900870311, 1.45070007028459, 1.4018622938590715, 1.3487488740607152, 1.3081879676142825, 1.2294240465647057], "val.compute_ips": [1666.7944636174361, 1679.900573185139, 1655.1423081429932, 1643.6260266974928, 1640.8628147702304, 1617.8451745800398, 1631.603241306004, 1611.2388143978171, 1598.6557288271, 1598.185591577431], "val.total_ips": [1645.8411568226807, 1657.7774419361267, 1634.3155211003732, 1622.4962511548815, 1619.9052104729376, 1597.1904260665603, 1610.7061158204483, 1590.3076351911513, 1577.9242237552594, 1577.6304242157512], "val.data_time": [0.0042599364172054245, 0.004356452181369443, 0.004385021668446215, 0.004433349718021441, 0.0044928140278103984, 0.004523996562394412, 0.004507890446061036, 0.004620015243940716, 0.0045907631537414634, 0.004561022263538988], "val.compute_time": [0.07683488990687116, 0.07597628726234919, 0.077301361389804, 0.07797248982175996, 0.07814739323869536, 0.07930224153059948, 0.07856130168838915, 0.07974139912218987, 0.08030552166591381, 0.08033387449723256]}, "iter": {"it": [[200], [200], [200], [200], [200], [200], [200], [200], [200], [200], [200]], "lr": [[0.005, 0.01, 0.015000000000000003, 0.02, 0.025, 0.030000000000000006, 0.035, 0.04, 0.045, 0.05, 0.05500000000000001]], "train.top1": [[0.0], [0.0], [0.0], [0.0], [0.0], [0.0], [0.0], [0.0], [0.0], [0.0], [0.0]], "train.top5": [[0.0], [0.0], [0.0], [0.0], [0.0], [0.0], [0.0], [0.0], [0.0], [0.0], [0.0]], "train.loss": [[2.199737071990967], [1.893395185470581], [1.736019492149353], [1.8105370998382568], [1.4489153623580933], [1.4965280294418335], [1.3685128688812256], [1.3024957180023193], [1.1718894243240356], [1.230102777481079], [1.1928226947784424]], "train.compute_ips": [[283.4442544389226], [282.9749941757439], [274.8741070843437], [268.308948330862], [288.25407679603455], [277.9931380803402], [272.0714184359784], [257.1686406830355], [281.1063235332618], [284.67170679717697], [275.5811370942863]], "train.total_ips": [[283.1724586809008], [282.6935281316099], [274.6211603257575], [267.74694473162265], [288.0140769209311], [277.65642590428115], [271.8226378907567], [256.79530979974237], [280.53976496924554], [284.4068939431664], [275.2640694016822]], "train.data_time": [[0.0004334449768066406], [0.00045037269592285156], [0.00042891502380371094], [0.0010013580322265625], [0.000370025634765625], [0.0005583763122558594], [0.0004305839538574219], [0.0007236003875732422], [0.0009195804595947266], [0.00041866302490234375], [0.0005350112915039062]], "train.compute_time": [[0.4515879154205322], [0.45233678817749023], [0.465667724609375], [0.4770619869232178], [0.44405269622802734], [0.46044301986694336], [0.47046470642089844], [0.4977278709411621], [0.45534372329711914], [0.44964075088500977], [0.46447300910949707]]}, "event": {}}