{"run": {"data": "/home/xihaocheng20/data/cifar10", "dataset": "cifar10", "data_backend": "pytorch", "arch": "preact_resnet56", "model_config": "quantize", "workers": 5, "epochs": 200, "start_epoch": 0, "batch_size": 128, "optimizer_batch_size": -1, "lr": 0.1, "lr_schedule": "cosine", "warmup": 20, "label_smoothing": 0.1, "mixup": 0.0, "momentum": 0.9, "weight_decay": 0.0001, "bn_weight_decay": false, "nesterov": false, "print_freq": 200, "resume": "pass", "pretrained_weights": "", "fp16": false, "static_loss_scale": 1, "dynamic_loss_scale": false, "prof": -1, "amp": false, "local_rank": 0, "seed": 2000, "gather_checkpoints": true, "raport_file": "raport.json", "final_weights": "model.pth.tar", "evaluate": false, "training_only": false, "save_checkpoints": true, "workspace": "./results/cifar/all4bit/models", "qa": true, "qw": true, "qg": true, "biased": false, "abits": 4, "wbits": 4, "biasbits": 16, "bbits": 4, "bwbits": 4, "biprecision": true, "twolayers_gradweight": true, "twolayers_gradinputt": true, "lsqforward": false, "clip_grad": 10.0, "distributed": false, "gpu": 0, "world_size": 1}, "epoch": {"ep": [0, 1, 2], "train.top1": [0.0, 0.0], "train.top5": [0.0, 0.0], "train.loss": [2.125378165183923, 1.9259518103721813], "train.compute_ips": [176.99765115352207, 176.1773507758718], "train.total_ips": [175.8307895426762, 174.22666099906783], "train.data_time": [0.006627771793267666, 0.0063651139919574445], "train.compute_time": [0.7493677548873119, 0.7520861537028581], "val.top1": [25.257120253164558, 36.995648734177216], "val.top5": [80.2314082278481, 88.3504746835443], "val.loss": [2.0296997028061106, 1.8198858952220482], "val.compute_ips": [1344.21283913631, 1329.8594213116878], "val.total_ips": [1305.801781042788, 1291.8397406093761], "val.data_time": [0.010030592544169365, 0.010491170460664773], "val.compute_time": [0.09861712817904315, 0.09839809091785286]}, "iter": {"it": [[200], [200], [200]], "lr": [[0.005, 0.01, 0.015000000000000003]], "train.top1": [[0.0], [0.0], [0.0]], "train.top5": [[0.0], [0.0], [0.0]], "train.loss": [[2.0788631439208984], [1.9507092237472534], [1.7364014387130737]], "train.compute_ips": [[142.40116706850958], [160.45750410355913], [207.92058544686176]], "train.total_ips": [[141.98584454815165], [157.7525557210511], [207.5833353632673]], "train.data_time": [[0.0026292800903320312], [0.013678312301635742], [0.0010001659393310547]], "train.compute_time": [[0.8988690376281738], [0.7977190017700195], [0.6156196594238281]]}, "event": {}}