{"run": {"data": "/home/xihaocheng20/data/cifar10", "dataset": "cifar10", "data_backend": "pytorch", "arch": "preact_resnet56", "model_config": "quantize", "workers": 5, "epochs": 200, "start_epoch": 0, "batch_size": 128, "optimizer_batch_size": -1, "lr": 0.1, "lr_schedule": "cosine", "warmup": 20, "label_smoothing": 0.1, "mixup": 0.0, "momentum": 0.9, "weight_decay": 0.0001, "bn_weight_decay": false, "nesterov": false, "print_freq": 200, "resume": "pass", "pretrained_weights": "", "fp16": false, "static_loss_scale": 1, "dynamic_loss_scale": false, "prof": -1, "amp": false, "local_rank": 0, "seed": 2000, "gather_checkpoints": true, "raport_file": "raport.json", "final_weights": "model.pth.tar", "evaluate": false, "training_only": false, "save_checkpoints": true, "workspace": "./results/cifar/all4bit/models", "qa": true, "qw": true, "qg": true, "biased": false, "abits": 4, "wbits": 4, "biasbits": 16, "bbits": 4, "bwbits": 4, "biprecision": true, "twolayers_gradweight": true, "twolayers_gradinputt": true, "lsqforward": false, "clip_grad": 10.0, "distributed": false, "gpu": 0, "world_size": 1}, "epoch": {"ep": [0, 1, 2, 3, 4, 5, 6, 7], "train.top1": [0.0, 0.0, 0.0, 0.0, 0.0, 0.0, 0.0], "train.top5": [0.0, 0.0, 0.0, 0.0, 0.0, 0.0, 0.0], "train.loss": [2.125378165183923, 1.9259518103721813, 1.8011876048185886, 1.7019143373538286, 1.5996728560863398, 1.5025284161934487, 1.4103507631864303], "train.compute_ips": [176.99765115352207, 176.1773507758718, 176.8033572832462, 177.77211851506138, 177.20450000177277, 178.190825730855, 178.79170775807597], "train.total_ips": [175.8307895426762, 174.22666099906783, 176.8245999105359, 179.4121878690803, 173.66702226639708, 181.8806349670404, 181.12184680496202], "train.data_time": [0.006627771793267666, 0.0063651139919574445, 0.006348883596240965, 0.006268718303778233, 0.00635958378131573, 0.0062713905277415214, 0.006197736551473429], "train.compute_time": [0.7493677548873119, 0.7520861537028581, 0.749717669813042, 0.7455831897564423, 0.747458214148497, 0.7420279774910364, 0.7388339419067997], "val.top1": [25.257120253164558, 36.995648734177216, 39.44818037974684, 45.401503164556964, 47.64636075949367, 53.4315664556962, 52.096518987341774], "val.top5": [80.2314082278481, 88.3504746835443, 87.8065664556962, 92.06882911392405, 91.96993670886076, 94.19501582278481, 92.19738924050633], "val.loss": [2.0296997028061106, 1.8198858952220482, 1.867944438246232, 1.6690164910087102, 1.639261933821666, 1.5630819209014313, 1.5937671887723706], "val.compute_ips": [1344.21283913631, 1329.8594213116878, 1289.9858410783324, 1219.3663798496482, 1229.7496506063746, 1223.1911764640379, 1215.0011126200645], "val.total_ips": [1305.801781042788, 1291.8397406093761, 1256.2933596453079, 1185.2516867779555, 1196.9259407059235, 1191.1191572179875, 1184.001205895586], "val.data_time": [0.010030592544169365, 0.010491170460664773, 0.010784433863837005, 0.011469983601871925, 0.011029573030109647, 0.011223934873749938, 0.0108201818483432], "val.compute_time": [0.09861712817904315, 0.09839809091785286, 0.10178214085252979, 0.11053806090656715, 0.10897448455231099, 0.10962237436560136, 0.1103386210705445]}, "iter": {"it": [[200], [200], [200], [200], [200], [200], [200], [200]], "lr": [[0.005, 0.01, 0.015000000000000003, 0.02, 0.025, 0.030000000000000006, 0.035, 0.04]], "train.top1": [[0.0], [0.0], [0.0], [0.0], [0.0], [0.0], [0.0], [0.0]], "train.top5": [[0.0], [0.0], [0.0], [0.0], [0.0], [0.0], [0.0], [0.0]], "train.loss": [[2.0788631439208984], [1.9507092237472534], [1.7364014387130737], [1.7890050411224365], [1.4671108722686768], [1.5825786590576172], [1.463062047958374], [1.2957074642181396]], "train.compute_ips": [[142.40116706850958], [160.45750410355913], [207.92058544686176], [201.26746968078126], [153.91036707991645], [185.14711768359405], [194.68992870169342], [209.69652390333985]], "train.total_ips": [[141.98584454815165], [157.7525557210511], [207.5833353632673], [201.0769800638732], [150.3620232559833], [185.003438031862], [194.55651178129054], [209.54698942840807]], "train.data_time": [[0.0026292800903320312], [0.013678312301635742], [0.0010001659393310547], [0.0006024837493896484], [0.01962590217590332], [0.0005369186401367188], [0.0004508495330810547], [0.0004355907440185547]], "train.compute_time": [[0.8988690376281738], [0.7977190017700195], [0.6156196594238281], [0.6359696388244629], [0.8316528797149658], [0.6913421154022217], [0.6574556827545166], [0.6104059219360352]]}, "event": {}}