{"run": {"data": "/data/LargeData/Large/ImageNet", "dataset": "imagenet", "data_backend": "pytorch", "arch": "resnet18", "model_config": "quantize", "workers": 5, "epochs": 90, "start_epoch": 0, "batch_size": 64, "optimizer_batch_size": 384, "lr": 0.384, "lr_schedule": "cosine", "warmup": 4, "label_smoothing": 0.1, "mixup": 0.0, "momentum": 0.875, "weight_decay": 3.0517578125e-05, "bn_weight_decay": false, "nesterov": false, "print_freq": 400, "resume": "pass", "pretrained_weights": "", "fp16": false, "static_loss_scale": 1, "dynamic_loss_scale": false, "prof": -1, "amp": false, "local_rank": 0, "seed": 2000, "gather_checkpoints": true, "raport_file": "raport.json", "final_weights": "model.pth.tar", "evaluate": false, "training_only": false, "save_checkpoints": true, "workspace": "./results/imagenet/forward4/models", "qa": true, "qw": true, "qg": true, "biased": false, "abits": 4, "wbits": 4, "biasbits": 16, "bbits": 8, "bwbits": 8, "biprecision": true, "twolayers_gradweight": false, "twolayers_gradinputt": false, "lsqforward": true, "clip_grad": 10.0, "distributed": true, "gpu": 0, "world_size": 6}, "epoch": {"ep": [0, 1, 2], "train.top1": [0.0, 0.0], "train.top5": [0.0, 0.0], "train.loss": [5.509810328626519, 4.507291374017867], "train.compute_ips": [1158.6356272365663, 824.3266302297288], "train.total_ips": [1147.0340177090163, 487.0544133945277], "train.data_time": [0.0046531265016368254, 0.0051690496915250085], "train.compute_time": [0.37503404068432267, 0.5873558165358125], "val.top1": [17.126159143811872, 28.897731038450285], "val.top5": [37.92541474786424, 54.23482510515752], "val.loss": [4.743563899557099, 4.02853637615233], "val.compute_ips": [1251.9247159749277, 1094.6998533901376], "val.total_ips": [1218.4423765461243, 1067.3320470812755], "val.data_time": [0.033832286150400875, 0.03948187191067761], "val.compute_time": [0.39917136512639867, 0.440658634855547]}, "iter": {"it": [[400, 800, 1200, 1600, 2000, 2400, 2800, 3200], [400, 800, 1200, 1600, 2000, 2400, 2800, 3200], [400, 800, 1200, 1600, 2000, 2400, 2800, 3200]], "lr": [[0.096, 0.096, 0.096, 0.096, 0.096, 0.096, 0.096, 0.096, 0.192, 0.192, 0.192, 0.192, 0.192, 0.192, 0.192, 0.192, 0.28800000000000003, 0.28800000000000003, 0.28800000000000003, 0.28800000000000003, 0.28800000000000003, 0.28800000000000003, 0.28800000000000003, 0.28800000000000003]], "train.top1": [[0.0, 0.0, 0.0, 0.0, 0.0, 0.0, 0.0, 0.0], [0.0, 0.0, 0.0, 0.0, 0.0, 0.0, 0.0, 0.0], [0.0, 0.0, 0.0, 0.0, 0.0, 0.0, 0.0, 0.0]], "train.top5": [[0.0, 0.0, 0.0, 0.0, 0.0, 0.0, 0.0, 0.0], [0.0, 0.0, 0.0, 0.0, 0.0, 0.0, 0.0, 0.0], [0.0, 0.0, 0.0, 0.0, 0.0, 0.0, 0.0, 0.0]], "train.loss": [[6.239953994750977, 5.926852703094482, 5.636874675750732, 5.454610347747803, 5.305758953094482, 5.001181602478027, 5.106572151184082, 4.959716796875], [4.796365261077881, 4.6916184425354, 4.47105598449707, 4.553788661956787, 4.314155578613281, 4.355208396911621, 4.284676551818848, 4.157106399536133], [4.096861839294434, 4.321959972381592, 4.198954105377197, 4.211172580718994, 3.9867732524871826, 3.9051713943481445, 4.007493019104004, 3.9832935333251953]], "train.compute_ips": [[1327.518160710356, 1236.5681750130136, 1293.468490325565, 1145.7654009471378, 1135.902978600959, 1215.0084233681705, 1293.6752391585474, 345.3260397917254], [460.2790905030251, 412.58408287479637, 520.4844985326952, 550.6701554247898, 573.1666928230176, 419.770698485517, 516.8050929253517, 460.5061055318623], [392.8231768231768, 551.1272890028289, 557.2520336286107, 468.34610113532176, 501.50401315246614, 540.256157080265, 533.3108840784814, 413.138112882312]], "train.total_ips": [[1227.691937589898, 1232.6661885843432, 1252.8832469224635, 1142.381431519009, 1132.45986816432, 1210.7457807279002, 1279.3870937505462, 344.8238162484253], [459.35649415598544, 408.97418678744, 520.0102722687166, 550.1816398056992, 569.0372605873976, 419.16580158774775, 516.3014617633482, 460.10552576482013], [391.9025142296522, 550.2545705000833, 556.7906544537369, 466.02474315457425, 500.9264347482076, 539.824833488851, 532.8375096643441, 412.36552614593364]], "train.data_time": [[0.023520469665527344, 0.0009829998016357422, 0.009616851806640625, 0.0009927749633789062, 0.001027822494506836, 0.0011126995086669922, 0.003314971923828125, 0.001619577407836914], [0.0016756057739257812, 0.008215188980102539, 0.0006728172302246094, 0.0006191730499267578, 0.0048618316650390625, 0.0013201236724853516, 0.00072479248046875, 0.0007259845733642578], [0.00229644775390625, 0.0011050701141357422, 0.0005710124969482422, 0.004084110260009766, 0.0008828639984130859, 0.0005679130554199219, 0.0006396770477294922, 0.0017414093017578125]], "train.compute_time": [[0.2892615795135498, 0.31053686141967773, 0.2968761920928955, 0.3351471424102783, 0.3380570411682129, 0.31604719161987305, 0.2968287467956543, 1.111992597579956], [0.8342764377593994, 0.9307193756103516, 0.737774133682251, 0.6973321437835693, 0.6699621677398682, 0.9147851467132568, 0.7430267333984375, 0.8338651657104492], [0.9775390625, 0.696753740310669, 0.6890957355499268, 0.81990647315979, 0.7656967639923096, 0.7107739448547363, 0.7200303077697754, 0.9294712543487549]]}, "event": {}}