{"run": {"data": "/home/xihaocheng20/data/cifar10", "dataset": "cifar10", "data_backend": "pytorch", "arch": "preact_resnet56", "model_config": "quantize", "workers": 5, "epochs": 200, "start_epoch": 0, "batch_size": 128, "optimizer_batch_size": -1, "lr": 0.1, "lr_schedule": "cosine", "warmup": 20, "label_smoothing": 0.1, "mixup": 0.0, "momentum": 0.9, "weight_decay": 0.0001, "bn_weight_decay": false, "nesterov": false, "print_freq": 200, "resume": "pass", "pretrained_weights": "", "fp16": false, "static_loss_scale": 1, "dynamic_loss_scale": false, "prof": -1, "amp": false, "local_rank": 0, "seed": 2000, "gather_checkpoints": true, "raport_file": "raport.json", "final_weights": "model.pth.tar", "evaluate": false, "training_only": false, "save_checkpoints": true, "workspace": "./results/cifar/only_weight/models", "qa": true, "qw": true, "qg": true, "biased": false, "abits": 4, "wbits": 4, "biasbits": 16, "bbits": 8, "bwbits": 4, "biprecision": true, "twolayers_gradweight": true, "twolayers_gradinputt": false, "lsqforward": false, "clip_grad": 10.0, "distributed": false, "gpu": 0, "world_size": 1}, "epoch": {"ep": [0, 1, 2, 3, 4, 5, 6, 7, 8, 9, 10], "train.top1": [0.0, 0.0, 0.0, 0.0, 0.0, 0.0, 0.0, 0.0, 0.0, 0.0], "train.top5": [0.0, 0.0, 0.0, 0.0, 0.0, 0.0, 0.0, 0.0, 0.0, 0.0], "train.loss": [2.132920946524693, 1.8401190057778969, 1.6235511550536523, 1.4703185723378107, 1.3595733758730766, 1.2790175135319048, 1.2125377184305435, 1.1500328282515209, 1.1014473213599278, 1.0636001467704772], "train.compute_ips": [241.5175546992083, 246.15690384444105, 247.13774882651524, 245.61684071075496, 248.41301207721824, 248.63250843410214, 248.6714269798871, 249.04091310295968, 249.52865118710082, 249.5059936407582], "train.total_ips": [239.40968779479877, 248.70306511654343, 247.21170353455557, 238.77120507559545, 257.274495438284, 247.45238554914368, 246.36942223602782, 249.57648961662318, 251.03539431393529, 247.32609758980288], "train.data_time": [0.006327338096423027, 0.0064506940352611055, 0.006015341913598216, 0.006117429183079646, 0.006042068432538937, 0.006080849659748567, 0.0062032466406350606, 0.006250910575573261, 0.006224935482709836, 0.006189276560758933], "train.compute_time": [0.5520623641136365, 0.5404146237251086, 0.5367268166990362, 0.5413955135223193, 0.5351220105244563, 0.5343649562607463, 0.5340902435037242, 0.5334215682286483, 0.532272610705123, 0.5318568408794893], "val.top1": [26.76028481012658, 37.460443037974684, 44.026898734177216, 52.99643987341772, 62.410996835443036, 61.79786392405063, 66.52492088607595, 63.192246835443036, 70.33227848101266, 74.71321202531645], "val.top5": [85.50237341772151, 88.80537974683544, 91.5051424050633, 92.97863924050633, 96.18275316455696, 96.06408227848101, 96.57832278481013, 95.80696202531645, 97.47824367088607, 98.14082278481013], "val.loss": [1.9639168781570242, 1.8302371200126937, 1.7095727860173093, 1.5399436045296584, 1.342040158525298, 1.3749026407169391, 1.2768462881257263, 1.3709484142593191, 1.1986648462995697, 1.088865093792541], "val.compute_ips": [1197.7000097725522, 1209.0034962961865, 1217.6853003465471, 1231.7112185045535, 1224.392155541971, 1193.0634794135992, 1197.1978334962628, 1187.6620141199533, 1192.297466666034, 1177.7549153469176], "val.total_ips": [1176.7875096846565, 1184.1440107376875, 1193.3280321762204, 1203.7491098757216, 1197.6549742020825, 1166.0531839351302, 1168.1787592508506, 1156.8547396881957, 1159.5745012248908, 1145.0836130484993], "val.data_time": [0.010810375213623047, 0.010643483717230302, 0.010762401773959776, 0.011547795579403261, 0.01123138017292264, 0.011267030792397286, 0.01189523364061904, 0.012587491847291778, 0.012924606119362447, 0.013340616829787629], "val.compute_time": [0.11223028883149352, 0.11054411115525645, 0.11008724985243398, 0.1084573502782025, 0.108568390109871, 0.11164838402583126, 0.11142463278813561, 0.11265071358861803, 0.11208304507152272, 0.11421455159971985]}, "iter": {"it": [[200], [200], [200], [200], [200], [200], [200], [200], [200], [200], [200]], "lr": [[0.005, 0.01, 0.015000000000000003, 0.02, 0.025, 0.030000000000000006, 0.035, 0.04, 0.045, 0.05, 0.05500000000000001]], "train.top1": [[0.0], [0.0], [0.0], [0.0], [0.0], [0.0], [0.0], [0.0], [0.0], [0.0], [0.0]], "train.top5": [[0.0], [0.0], [0.0], [0.0], [0.0], [0.0], [0.0], [0.0], [0.0], [0.0], [0.0]], "train.loss": [[2.1142773628234863], [1.923485517501831], [1.636676549911499], [1.5919780731201172], [1.1592695713043213], [1.2571306228637695], [1.2524290084838867], [1.1824687719345093], [0.9427550435066223], [1.065767526626587], [1.0179128646850586]], "train.compute_ips": [[284.27527428305166], [238.0617521921802], [314.1482703354588], [317.943184045719], [241.68873090560078], [251.1975280337406], [270.94098273786847], [298.66531372683187], [144.96080985884117], [252.20528903474693], [197.8657469532589]], "train.total_ips": [[280.0225073308429], [237.8231038903394], [313.59703547419156], [313.38798530633306], [241.36352016904004], [250.9484870992214], [270.26311028329076], [298.28249755260646], [144.76248040720125], [251.97198449131426], [196.5560777157987]], "train.data_time": [[0.006838321685791016], [0.0005395412445068359], [0.0007162094116210938], [0.00585174560546875], [0.0007135868072509766], [0.0005056858062744141], [0.0011849403381347656], [0.0005500316619873047], [0.0012097358703613281], [0.0004699230194091797], [0.0043103694915771484]], "train.compute_time": [[0.4502677917480469], [0.5376756191253662], [0.40745091438293457], [0.4025876522064209], [0.529606819152832], [0.509559154510498], [0.4724276065826416], [0.4285733699798584], [0.8829972743988037], [0.5075230598449707], [0.6469032764434814]]}, "event": {}}