{"run": {"data": "/home/xihaocheng20/data/cifar10", "dataset": "cifar10", "data_backend": "pytorch", "arch": "preact_resnet56", "model_config": "quantize", "workers": 5, "epochs": 200, "start_epoch": 0, "batch_size": 128, "optimizer_batch_size": -1, "lr": 0.1, "lr_schedule": "cosine", "warmup": 20, "label_smoothing": 0.1, "mixup": 0.0, "momentum": 0.9, "weight_decay": 0.0001, "bn_weight_decay": false, "nesterov": false, "print_freq": 200, "resume": "pass", "pretrained_weights": "", "fp16": false, "static_loss_scale": 1, "dynamic_loss_scale": false, "prof": -1, "amp": false, "local_rank": 0, "seed": 2000, "gather_checkpoints": true, "raport_file": "raport.json", "final_weights": "model.pth.tar", "evaluate": false, "training_only": false, "save_checkpoints": true, "workspace": "./results/cifar/only_weight/models", "qa": true, "qw": true, "qg": true, "biased": false, "abits": 4, "wbits": 4, "biasbits": 16, "bbits": 8, "bwbits": 4, "biprecision": true, "twolayers_gradweight": true, "twolayers_gradinputt": false, "lsqforward": false, "clip_grad": 10.0, "distributed": false, "gpu": 0, "world_size": 1}, "epoch": {"ep": [0, 1, 2, 3, 4], "train.top1": [0.0, 0.0, 0.0, 0.0], "train.top5": [0.0, 0.0, 0.0, 0.0], "train.loss": [2.132920946524693, 1.8401190057778969, 1.6235511550536523, 1.4703185723378107], "train.compute_ips": [241.5175546992083, 246.15690384444105, 247.13774882651524, 245.61684071075496], "train.total_ips": [239.40968779479877, 248.70306511654343, 247.21170353455557, 238.77120507559545], "train.data_time": [0.006327338096423027, 0.0064506940352611055, 0.006015341913598216, 0.006117429183079646], "train.compute_time": [0.5520623641136365, 0.5404146237251086, 0.5367268166990362, 0.5413955135223193], "val.top1": [26.76028481012658, 37.460443037974684, 44.026898734177216, 52.99643987341772], "val.top5": [85.50237341772151, 88.80537974683544, 91.5051424050633, 92.97863924050633], "val.loss": [1.9639168781570242, 1.8302371200126937, 1.7095727860173093, 1.5399436045296584], "val.compute_ips": [1197.7000097725522, 1209.0034962961865, 1217.6853003465471, 1231.7112185045535], "val.total_ips": [1176.7875096846565, 1184.1440107376875, 1193.3280321762204, 1203.7491098757216], "val.data_time": [0.010810375213623047, 0.010643483717230302, 0.010762401773959776, 0.011547795579403261], "val.compute_time": [0.11223028883149352, 0.11054411115525645, 0.11008724985243398, 0.1084573502782025]}, "iter": {"it": [[200], [200], [200], [200], [200]], "lr": [[0.005, 0.01, 0.015000000000000003, 0.02, 0.025]], "train.top1": [[0.0], [0.0], [0.0], [0.0], [0.0]], "train.top5": [[0.0], [0.0], [0.0], [0.0], [0.0]], "train.loss": [[2.1142773628234863], [1.923485517501831], [1.636676549911499], [1.5919780731201172], [1.1592695713043213]], "train.compute_ips": [[284.27527428305166], [238.0617521921802], [314.1482703354588], [317.943184045719], [241.68873090560078]], "train.total_ips": [[280.0225073308429], [237.8231038903394], [313.59703547419156], [313.38798530633306], [241.36352016904004]], "train.data_time": [[0.006838321685791016], [0.0005395412445068359], [0.0007162094116210938], [0.00585174560546875], [0.0007135868072509766]], "train.compute_time": [[0.4502677917480469], [0.5376756191253662], [0.40745091438293457], [0.4025876522064209], [0.529606819152832]]}, "event": {}}